f4001s-m.jpg	file0006-m.jpg	file0093-m.jpg	file0390-m.jpg	m4001s-m.jpg	webcam-5.jpg
f4003s-m.jpg	file0013-m.jpg	file0098-m.jpg	file0449-m.jpg	m4006s-m.jpg	webcam-8.jpg
f4004s-m.jpg	file0014-m.jpg	file0099-m.jpg	file0610-m.jpg	m4011s-m.jpg	webcam-9.jpg
f4005s-m.jpg	file0017-m.jpg	file0100-m.jpg	file0813-m.jpg	m4042s-m.jpg
f4006s-m.jpg	file0044-m.jpg	file0112-m.jpg	file0938-m.jpg	m4074s-m.jpg
f4010s-m.jpg	file0076-m.jpg	file0177-m.jpg	file1064-m.jpg	webcam-0.jpg
f4021s-m.jpg	file0077-m.jpg	file0202-m.jpg	file1086-m.jpg	webcam-2.jpg
f4030s-m.jpg	file0081-m.jpg	file0225-m.jpg	file1091-m.jpg	webcam-3.jpg